id,frame,text
0,0,
1,1,
2,2,
3,3,
4,4,
5,5,
6,6,
7,7,
8,8,
9,9,
10,10,
11,11,
12,12,
13,13,
14,14,
15,15,
16,16,
17,17,
18,18,
19,19,
20,20,
21,21,
22,22,
23,23,
24,24,
25,25,
26,26,
27,27,
28,28,
29,29,
30,30,
31,31,
32,32,
33,33,
34,34,
35,35,
36,36,
37,37,
38,38,
39,39,
40,40,
41,41,
42,42,
43,43,
44,44,
45,45,
46,46,
47,47,
48,48,
49,49,
50,50,
51,51,
52,52,
53,53,
54,54,
55,55,
56,56,
57,57,
58,58,
59,59,
60,60,
61,61,
62,62,
63,63,
64,64,
65,65,
66,66,
67,67,
68,68,
69,69,
70,70,
71,71,
72,72,
73,73,
74,74,
75,75,
76,76,
77,77,
78,78,
79,79,w
80,80,w
81,81,w
82,82,w
83,83,w
84,84,w
85,85,wo
86,86,wo
87,87,wo
88,88,wo
89,89,wo
90,90,wo
91,91,wor
92,92,wor
93,93,wor
94,94,wor
95,95,wor
96,96,wor
97,97,wor
98,98,work
99,99,work
100,100,work
101,101,work
102,102,work
103,103,work
104,104,works
105,105,works
106,106,works
107,107,works
108,108,works
109,109,works
110,110,works
111,111,works
112,112,works
113,113,works
114,114,works
115,115,works
116,116,works
117,117,works
118,118,works
119,119,works
120,120,works
121,121,works
122,122,works
123,123,works
124,124,works
125,125,works
126,126,works 
127,127,works 
128,128,works 
129,129,works 
130,130,works 
131,131,works 
132,132,works 
133,133,works 
134,134,works 
135,135,works 
136,136,works 
137,137,works 
138,138,works 
139,139,works 
140,140,works 
141,141,works 
142,142,works 
143,143,works 
144,144,works 
145,145,works 
146,146,works 
147,147,works 
148,148,works 
149,149,works 
150,150,works 
151,151,works 
152,152,works 
153,153,works 
154,154,works 
155,155,works 
156,156,works 
157,157,works 
158,158,works 
159,159,works 
160,160,works 
161,161,works 
162,162,works 
163,163,works 
164,164,works 
165,165,works 
166,166,works 
167,167,works 
168,168,works 
169,169,works 
170,170,works 
171,171,works 
172,172,works 
173,173,works 
174,174,works 
175,175,works 
176,176,works 
177,177,works 
178,178,works 
179,179,works 
180,180,works 
181,181,works 
182,182,works 
183,183,works 
184,184,works 
185,185,works 
186,186,works 
187,187,works 
188,188,works 
189,189,works 
190,190,works 
191,191,works 
192,192,works 
193,193,works 
194,194,works 
195,195,works 
196,196,works 
197,197,works 
198,198,works h
199,199,works h
200,200,works h
201,201,works he
202,202,works he
203,203,works he
204,204,works he
205,205,works he
206,206,works he
207,207,works he
208,208,works her
209,209,works her
210,210,works her
211,211,works her
212,212,works her
213,213,works here
214,214,works here
215,215,works here
216,216,works here
217,217,works here
218,218,works here
219,219,works here
220,220,works here
221,221,works here
222,222,works here
223,223,works here
224,224,works here
225,225,works here
226,226,works here
227,227,works here
228,228,works here
229,229,works here
230,230,works here
231,231,works here
232,232,works here
233,233,works here
234,234,works here
235,235,works here
236,236,works here
237,237,works here
238,238,works here
239,239,works here
240,240,works here
241,241,works here
242,242,works here
243,243,works here 
244,244,works here 
245,245,works here 
246,246,works here 
247,247,works here 
248,248,works here 
249,249,works here 
250,250,works here 
251,251,works here 
252,252,works here 
253,253,works here 
254,254,works here 
255,255,works here 
256,256,works here 
257,257,works here 
258,258,works here 
259,259,works here 
260,260,works here 
261,261,works here 
262,262,works here 
263,263,works here 
264,264,works here 
265,265,works here 
266,266,works here 
267,267,works here 
268,268,works here 
269,269,works here !
270,270,works here !
271,271,works here !
272,272,works here !
273,273,works here !
274,274,works here !
275,275,works here !
276,276,works here !
277,277,works here !
278,278,works here !
279,279,works here !
280,280,works here !
281,281,works here !
282,282,works here !
283,283,works here !
284,284,works here !
285,285,works here !
286,286,works here !
287,287,works here !
288,288,works here !
289,289,works here !
290,290,works here !
291,291,works here !
292,292,works here !
293,293,works here !
294,294,works here !
295,295,works here !
296,296,works here !
297,297,works here !
298,298,works here !
299,299,works here !
300,300,works here !
301,301,works here !
302,302,works here !
303,303,works here !
304,304,works here !
305,305,works here !
306,306,works here !
307,307,works here !
308,308,works here !
309,309,works here !
310,310,works here !
311,311,works here !
312,312,works here !
313,313,works here !
314,314,works here !
315,315,works here !
316,316,works here !
317,317,works here !
318,318,works here !
319,319,works here !
320,320,works here !
321,321,works here !
322,322,works here !
323,323,works here !
324,324,works here !
325,325,works here !
326,326,works here !
327,327,works here !
328,328,works here !
329,329,works here !
330,330,works here !
331,331,works here !
332,332,works here !
333,333,works here !
334,334,works here !
335,335,works here !
336,336,works here !
337,337,works here !
338,338,works here !
339,339,works here !
340,340,works here !
341,341,works here !
342,342,works here !
343,343,works here !
344,344,works here !
345,345,works here !
346,346,works here !
347,347,works here !
348,348,works here !
349,349,works here !
350,350,works here !
351,351,works here !
352,352,works here !
353,353,works here !
354,354,works here !
355,355,works here !
356,356,works here !
357,357,works here !
358,358,works here !
359,359,works here !
360,360,works here !
361,361,works here !
362,362,works here !
363,363,works here !
364,364,works here !
365,365,works here !
366,366,works here !
367,367,works here !
368,368,works here !
369,369,works here !
370,370,works here !
371,371,works here !
372,372,works here !
373,373,works here !
374,374,works here !
375,375,works here !!
376,376,works here !!
377,377,works here !!
378,378,works here !!
379,379,works here !!
380,380,works here !!
381,381,works here !!
382,382,works here !!
383,383,works here !!
384,384,works here !!
385,385,works here !!
386,386,works here !!
387,387,works here !!
388,388,works here !!
389,389,works here !!
390,390,works here !!
391,391,works here !!
392,392,works here !!
393,393,works here !!
394,394,works here !!
395,395,works here !!
396,396,works here !!
397,397,works here !!
398,398,works here !!
399,399,works here !!
400,400,works here !!
401,401,works here !!
402,402,works here !!
403,403,works here !!
404,404,works here !!
405,405,works here !!
406,406,works here !!
407,407,works here !!
408,408,works here !!
409,409,works here !!
410,410,works here !!
411,411,works here !!
412,412,works here !!
413,413,works here !!
414,414,works here !!
415,415,works here !!
416,416,works here !!
417,417,works here !!
418,418,works here !!
419,419,works here !!
420,420,works here !!
421,421,works here !!
422,422,works here !!
423,423,works here !!
424,424,works here !!
425,425,works here !!
426,426,works here !!
427,427,works here !!
428,428,works here !!
429,429,works here !!
430,430,works here !!
431,431,works here !!
432,432,works here !!
433,433,works here !!
434,434,works here !!
435,435,works here !!
436,436,works here !!
437,437,works here !!
438,438,works here !!
439,439,works here !!
440,440,works here !!
441,441,works here !!
442,442,works here !!
443,443,works here !!
444,444,works here !!
445,445,works here !!
446,446,works here !!
447,447,works here !!
448,448,works here !!
449,449,works here !!
450,450,works here !!
451,451,works here !!
452,452,works here !!
453,453,works here !!
454,454,works here !!
455,455,works here !!
456,456,works here !!
457,457,works here !!
458,458,works here !!
459,459,works here !!
460,460,works here !!
461,461,works here !!
462,462,works here !!
463,463,works here !!
464,464,works here !!
465,465,works here !!
466,466,works here !!
467,467,works here !!
468,468,works here !!
469,469,works here !!
470,470,works here !!
471,471,works here !!
472,472,works here !!
473,473,works here !!
474,474,works here !!
475,475,works here !!
476,476,works here !!
477,477,works here !!
478,478,works here !!
479,479,works here !!
480,480,works here !!
481,481,works here !!
482,482,works here !!
483,483,works here !!
484,484,works here !!!
485,485,works here !!!
486,486,works here !!!
487,487,works here !!!
488,488,works here !!!
489,489,works here !!!
490,490,works here !!!
491,491,works here !!!
492,492,works here !!!
493,493,works here !!!
494,494,works here !!!
495,495,works here !!!
496,496,works here !!!
497,497,works here !!!
498,498,works here !!!
499,499,works here !!!
500,500,works here !!!
501,501,works here !!!
502,502,works here !!!
503,503,works here !!!
504,504,works here !!!
505,505,works here !!!
506,506,works here !!!
507,507,works here !!!
508,508,works here !!!
509,509,works here !!!
510,510,works here !!!
511,511,works here !!!
512,512,works here !!!
513,513,works here !!!
514,514,works here !!!
515,515,works here !!!
516,516,works here !!!
517,517,works here !!!
518,518,works here !!!
519,519,works here !!!
520,520,works here !!!
521,521,works here !!!
522,522,works here !!!
523,523,works here !!!
524,524,works here !!!
525,525,works here !!!!
526,526,works here !!!!
527,527,works here !!!!
528,528,works here !!!!
529,529,works here !!!!
530,530,works here !!!!
531,531,works here !!!!
532,532,works here !!!!
533,533,works here !!!!
534,534,works here !!!!
535,535,works here !!!!
536,536,works here !!!!
537,537,works here !!!!
538,538,works here !!!!
539,539,works here !!!!
540,540,works here !!!!
541,541,works here !!!!
542,542,works here !!!!
543,543,works here !!!!
544,544,works here !!!!
545,545,works here !!!!
546,546,works here !!!!
547,547,works here !!!!
548,548,works here !!!!!
549,549,works here !!!!!
550,550,works here !!!!!
551,551,works here !!!!!
552,552,works here !!!!!
553,553,works here !!!!!
554,554,works here !!!!!
555,555,works here !!!!!
556,556,works here !!!!!
557,557,works here !!!!!
558,558,works here !!!!!
559,559,works here !!!!!
560,560,works here !!!!!
561,561,works here !!!!!
562,562,works here !!!!!!
563,563,works here !!!!!!
564,564,works here !!!!!!
565,565,works here !!!!!!
566,566,works here !!!!!!
567,567,works here !!!!!!
568,568,works here !!!!!!
569,569,works here !!!!!!
570,570,works here !!!!!!
571,571,works here !!!!!!
572,572,works here !!!!!!
573,573,works here !!!!!!
574,574,works here !!!!!!!
575,575,works here !!!!!!!
576,576,works here !!!!!!!
577,577,works here !!!!!!!
578,578,works here !!!!!!!
579,579,works here !!!!!!!
580,580,works here !!!!!!!
581,581,works here !!!!!!!
582,582,works here !!!!!!!
583,583,works here !!!!!!!
584,584,works here !!!!!!!
585,585,works here !!!!!!!
586,586,works here !!!!!!!
587,587,works here !!!!!!!
588,588,works here !!!!!!!
589,589,works here !!!!!!!!
590,590,works here !!!!!!!!
591,591,works here !!!!!!!!
592,592,works here !!!!!!!!
593,593,works here !!!!!!!!
594,594,works here !!!!!!!!
595,595,works here !!!!!!!!
596,596,works here !!!!!!!!
597,597,works here !!!!!!!!
598,598,works here !!!!!!!!!
599,599,works here !!!!!!!!!
600,600,works here !!!!!!!!!
601,601,works here !!!!!!!!!
602,602,works here !!!!!!!!!
603,603,works here !!!!!!!!!
604,604,works here !!!!!!!!!
605,605,works here !!!!!!!!!
606,606,works here !!!!!!!!!
607,607,works here !!!!!!!!!!
608,608,works here !!!!!!!!!!
609,609,works here !!!!!!!!!!
610,610,works here !!!!!!!!!!
611,611,works here !!!!!!!!!!
612,612,works here !!!!!!!!!!
613,613,works here !!!!!!!!!!!
614,614,works here !!!!!!!!!!!
615,615,works here !!!!!!!!!!!
616,616,works here !!!!!!!!!!!
617,617,works here !!!!!!!!!!!
618,618,works here !!!!!!!!!!!
619,619,works here !!!!!!!!!!!
620,620,works here !!!!!!!!!!!!
621,621,works here !!!!!!!!!!!!
622,622,works here !!!!!!!!!!!!
623,623,works here !!!!!!!!!!!!
624,624,works here !!!!!!!!!!!!
625,625,works here !!!!!!!!!!!!
626,626,works here !!!!!!!!!!!!!
627,627,works here !!!!!!!!!!!!!
628,628,works here !!!!!!!!!!!!!
629,629,works here !!!!!!!!!!!!!
630,630,works here !!!!!!!!!!!!!
631,631,works here !!!!!!!!!!!!!
632,632,works here !!!!!!!!!!!!!
633,633,works here !!!!!!!!!!!!!
634,634,works here !!!!!!!!!!!!!
635,635,works here !!!!!!!!!!!!!
636,636,works here !!!!!!!!!!!!!
637,637,works here !!!!!!!!!!!!!
638,638,works here !!!!!!!!!!!!!
639,639,works here !!!!!!!!!!!!!!
640,640,works here !!!!!!!!!!!!!!
641,641,works here !!!!!!!!!!!!!!
642,642,works here !!!!!!!!!!!!!!
643,643,works here !!!!!!!!!!!!!!
644,644,works here !!!!!!!!!!!!!!
645,645,works here !!!!!!!!!!!!!!
646,646,works here !!!!!!!!!!!!!!
647,647,works here !!!!!!!!!!!!!!
648,648,works here !!!!!!!!!!!!!!
649,649,works here !!!!!!!!!!!!!!!
650,650,works here !!!!!!!!!!!!!!!
651,651,works here !!!!!!!!!!!!!!!
652,652,works here !!!!!!!!!!!!!!!
653,653,works here !!!!!!!!!!!!!!!
654,654,works here !!!!!!!!!!!!!!!
655,655,works here !!!!!!!!!!!!!!!
656,656,works here !!!!!!!!!!!!!!!!
657,657,works here !!!!!!!!!!!!!!!!
658,658,works here !!!!!!!!!!!!!!!!
659,659,works here !!!!!!!!!!!!!!!!
660,660,works here !!!!!!!!!!!!!!!!
661,661,works here !!!!!!!!!!!!!!!!!
662,662,works here !!!!!!!!!!!!!!!!!
663,663,works here !!!!!!!!!!!!!!!!!
664,664,works here !!!!!!!!!!!!!!!!!
665,665,works here !!!!!!!!!!!!!!!!!
666,666,works here !!!!!!!!!!!!!!!!!
667,667,works here !!!!!!!!!!!!!!!!!
668,668,works here !!!!!!!!!!!!!!!!!
669,669,works here !!!!!!!!!!!!!!!!!
670,670,works here !!!!!!!!!!!!!!!!!
671,671,works here !!!!!!!!!!!!!!!!!
672,672,works here !!!!!!!!!!!!!!!!!
673,673,works here !!!!!!!!!!!!!!!!!
674,674,works here !!!!!!!!!!!!!!!!!
675,675,works here !!!!!!!!!!!!!!!!!!
676,676,works here !!!!!!!!!!!!!!!!!!
677,677,works here !!!!!!!!!!!!!!!!!!
678,678,works here !!!!!!!!!!!!!!!!!!
679,679,works here !!!!!!!!!!!!!!!!!!
680,680,works here !!!!!!!!!!!!!!!!!!
681,681,works here !!!!!!!!!!!!!!!!!!
682,682,works here !!!!!!!!!!!!!!!!!!
683,683,works here !!!!!!!!!!!!!!!!!!!
684,684,works here !!!!!!!!!!!!!!!!!!!
685,685,works here !!!!!!!!!!!!!!!!!!!
686,686,works here !!!!!!!!!!!!!!!!!!!
687,687,works here !!!!!!!!!!!!!!!!!!!
688,688,works here !!!!!!!!!!!!!!!!!!!
689,689,works here !!!!!!!!!!!!!!!!!!!!
690,690,works here !!!!!!!!!!!!!!!!!!!!
691,691,works here !!!!!!!!!!!!!!!!!!!!
692,692,works here !!!!!!!!!!!!!!!!!!!!
693,693,works here !!!!!!!!!!!!!!!!!!!!
694,694,works here !!!!!!!!!!!!!!!!!!!!
695,695,works here !!!!!!!!!!!!!!!!!!!!
696,696,works here !!!!!!!!!!!!!!!!!!!!
697,697,works here !!!!!!!!!!!!!!!!!!!!!
698,698,works here !!!!!!!!!!!!!!!!!!!!!
699,699,works here !!!!!!!!!!!!!!!!!!!!!
700,700,works here !!!!!!!!!!!!!!!!!!!!!
701,701,works here !!!!!!!!!!!!!!!!!!!!!
702,702,works here !!!!!!!!!!!!!!!!!!!!!
703,703,works here !!!!!!!!!!!!!!!!!!!!!
704,704,works here !!!!!!!!!!!!!!!!!!!!!!
705,705,works here !!!!!!!!!!!!!!!!!!!!!!
706,706,works here !!!!!!!!!!!!!!!!!!!!!!
707,707,works here !!!!!!!!!!!!!!!!!!!!!!
708,708,works here !!!!!!!!!!!!!!!!!!!!!!
709,709,works here !!!!!!!!!!!!!!!!!!!!!!
710,710,works here !!!!!!!!!!!!!!!!!!!!!!!
711,711,works here !!!!!!!!!!!!!!!!!!!!!!!
712,712,works here !!!!!!!!!!!!!!!!!!!!!!!
713,713,works here !!!!!!!!!!!!!!!!!!!!!!!
714,714,works here !!!!!!!!!!!!!!!!!!!!!!!
715,715,works here !!!!!!!!!!!!!!!!!!!!!!!
716,716,works here !!!!!!!!!!!!!!!!!!!!!!!
717,717,works here !!!!!!!!!!!!!!!!!!!!!!!
718,718,works here !!!!!!!!!!!!!!!!!!!!!!!!
719,719,works here !!!!!!!!!!!!!!!!!!!!!!!!
720,720,works here !!!!!!!!!!!!!!!!!!!!!!!!
721,721,works here !!!!!!!!!!!!!!!!!!!!!!!!
722,722,works here !!!!!!!!!!!!!!!!!!!!!!!!
723,723,works here !!!!!!!!!!!!!!!!!!!!!!!!
724,724,works here !!!!!!!!!!!!!!!!!!!!!!!!
725,725,works here !!!!!!!!!!!!!!!!!!!!!!!!!
726,726,works here !!!!!!!!!!!!!!!!!!!!!!!!!
727,727,works here !!!!!!!!!!!!!!!!!!!!!!!!!
728,728,works here !!!!!!!!!!!!!!!!!!!!!!!!!
729,729,works here !!!!!!!!!!!!!!!!!!!!!!!!!
730,730,works here !!!!!!!!!!!!!!!!!!!!!!!!!
731,731,works here !!!!!!!!!!!!!!!!!!!!!!!!!
732,732,works here !!!!!!!!!!!!!!!!!!!!!!!!!!
733,733,works here !!!!!!!!!!!!!!!!!!!!!!!!!!
734,734,works here !!!!!!!!!!!!!!!!!!!!!!!!!!
735,735,works here !!!!!!!!!!!!!!!!!!!!!!!!!!
736,736,works here !!!!!!!!!!!!!!!!!!!!!!!!!!
737,737,works here !!!!!!!!!!!!!!!!!!!!!!!!!!
738,738,works here !!!!!!!!!!!!!!!!!!!!!!!!!!
739,739,works here !!!!!!!!!!!!!!!!!!!!!!!!!!!
740,740,works here !!!!!!!!!!!!!!!!!!!!!!!!!!!
741,741,works here !!!!!!!!!!!!!!!!!!!!!!!!!!!
742,742,works here !!!!!!!!!!!!!!!!!!!!!!!!!!!
743,743,works here !!!!!!!!!!!!!!!!!!!!!!!!!!!
744,744,works here !!!!!!!!!!!!!!!!!!!!!!!!!!!
745,745,works here !!!!!!!!!!!!!!!!!!!!!!!!!!!
746,746,works here !!!!!!!!!!!!!!!!!!!!!!!!!!!
747,747,works here !!!!!!!!!!!!!!!!!!!!!!!!!!!!
748,748,works here !!!!!!!!!!!!!!!!!!!!!!!!!!!!
749,749,works here !!!!!!!!!!!!!!!!!!!!!!!!!!!!
750,750,works here !!!!!!!!!!!!!!!!!!!!!!!!!!!!
751,751,works here !!!!!!!!!!!!!!!!!!!!!!!!!!!!
752,752,works here !!!!!!!!!!!!!!!!!!!!!!!!!!!!
753,753,works here !!!!!!!!!!!!!!!!!!!!!!!!!!!!
754,754,works here !!!!!!!!!!!!!!!!!!!!!!!!!!!!!
755,755,works here !!!!!!!!!!!!!!!!!!!!!!!!!!!!!
756,756,works here !!!!!!!!!!!!!!!!!!!!!!!!!!!!!
757,757,works here !!!!!!!!!!!!!!!!!!!!!!!!!!!!!
758,758,works here !!!!!!!!!!!!!!!!!!!!!!!!!!!!!
759,759,works here !!!!!!!!!!!!!!!!!!!!!!!!!!!!!
760,760,works here !!!!!!!!!!!!!!!!!!!!!!!!!!!!!
761,761,works here !!!!!!!!!!!!!!!!!!!!!!!!!!!!!
762,762,works here !!!!!!!!!!!!!!!!!!!!!!!!!!!!!
763,763,works here !!!!!!!!!!!!!!!!!!!!!!!!!!!!!
764,764,works here !!!!!!!!!!!!!!!!!!!!!!!!!!!!!
765,765,works here !!!!!!!!!!!!!!!!!!!!!!!!!!!!!
766,766,works here !!!!!!!!!!!!!!!!!!!!!!!!!!!!!
767,767,works here !!!!!!!!!!!!!!!!!!!!!!!!!!!!!
768,768,works here !!!!!!!!!!!!!!!!!!!!!!!!!!!!!
769,769,works here !!!!!!!!!!!!!!!!!!!!!!!!!!!!!
770,770,works here !!!!!!!!!!!!!!!!!!!!!!!!!!!!!
771,771,works here !!!!!!!!!!!!!!!!!!!!!!!!!!!!!
772,772,works here !!!!!!!!!!!!!!!!!!!!!!!!!!!!!
773,773,works here !!!!!!!!!!!!!!!!!!!!!!!!!!!!!
774,774,works here !!!!!!!!!!!!!!!!!!!!!!!!!!!!!
775,775,works here !!!!!!!!!!!!!!!!!!!!!!!!!!!!!
776,776,works here !!!!!!!!!!!!!!!!!!!!!!!!!!!!!
777,777,works here !!!!!!!!!!!!!!!!!!!!!!!!!!!!!
778,778,works here !!!!!!!!!!!!!!!!!!!!!!!!!!!!!
779,779,works here !!!!!!!!!!!!!!!!!!!!!!!!!!!!!
780,780,works here !!!!!!!!!!!!!!!!!!!!!!!!!!!!!
781,781,works here !!!!!!!!!!!!!!!!!!!!!!!!!!!!!
782,782,works here !!!!!!!!!!!!!!!!!!!!!!!!!!!!!
783,783,works here !!!!!!!!!!!!!!!!!!!!!!!!!!!!!
784,784,works here !!!!!!!!!!!!!!!!!!!!!!!!!!!!!
785,785,works here !!!!!!!!!!!!!!!!!!!!!!!!!!!!!
786,786,works here !!!!!!!!!!!!!!!!!!!!!!!!!!!!!!
787,787,works here !!!!!!!!!!!!!!!!!!!!!!!!!!!!!!
788,788,works here !!!!!!!!!!!!!!!!!!!!!!!!!!!!!!
789,789,works here !!!!!!!!!!!!!!!!!!!!!!!!!!!!!!
790,790,works here !!!!!!!!!!!!!!!!!!!!!!!!!!!!!!
791,791,works here !!!!!!!!!!!!!!!!!!!!!!!!!!!!!!
792,792,works here !!!!!!!!!!!!!!!!!!!!!!!!!!!!!!
793,793,works here !!!!!!!!!!!!!!!!!!!!!!!!!!!!!!
794,794,works here !!!!!!!!!!!!!!!!!!!!!!!!!!!!!!
795,795,works here !!!!!!!!!!!!!!!!!!!!!!!!!!!!!!
796,796,works here !!!!!!!!!!!!!!!!!!!!!!!!!!!!!!
797,797,works here !!!!!!!!!!!!!!!!!!!!!!!!!!!!!!
798,798,works here !!!!!!!!!!!!!!!!!!!!!!!!!!!!!!
799,799,works here !!!!!!!!!!!!!!!!!!!!!!!!!!!!!!
800,800,works here !!!!!!!!!!!!!!!!!!!!!!!!!!!!!!
801,801,works here !!!!!!!!!!!!!!!!!!!!!!!!!!!!!!
802,802,works here !!!!!!!!!!!!!!!!!!!!!!!!!!!!!!
803,803,works here !!!!!!!!!!!!!!!!!!!!!!!!!!!!!!
804,804,works here !!!!!!!!!!!!!!!!!!!!!!!!!!!!!!
805,805,works here !!!!!!!!!!!!!!!!!!!!!!!!!!!!!!
806,806,works here !!!!!!!!!!!!!!!!!!!!!!!!!!!!!!
807,807,works here !!!!!!!!!!!!!!!!!!!!!!!!!!!!!!
808,808,works here !!!!!!!!!!!!!!!!!!!!!!!!!!!!!!
809,809,works here !!!!!!!!!!!!!!!!!!!!!!!!!!!!!!
810,810,works here !!!!!!!!!!!!!!!!!!!!!!!!!!!!!!
811,811,works here !!!!!!!!!!!!!!!!!!!!!!!!!!!!!!
812,812,works here !!!!!!!!!!!!!!!!!!!!!!!!!!!!!!
813,813,works here !!!!!!!!!!!!!!!!!!!!!!!!!!!!!!
814,814,works here !!!!!!!!!!!!!!!!!!!!!!!!!!!!!!
815,815,works here !!!!!!!!!!!!!!!!!!!!!!!!!!!!!!
816,816,works here !!!!!!!!!!!!!!!!!!!!!!!!!!!!!!
817,817,works here !!!!!!!!!!!!!!!!!!!!!!!!!!!!!!
818,818,works here !!!!!!!!!!!!!!!!!!!!!!!!!!!!!!
819,819,works here !!!!!!!!!!!!!!!!!!!!!!!!!!!!!!
820,820,works here !!!!!!!!!!!!!!!!!!!!!!!!!!!!!!
821,821,works here !!!!!!!!!!!!!!!!!!!!!!!!!!!!!!
822,822,works here !!!!!!!!!!!!!!!!!!!!!!!!!!!!!!
823,823,works here !!!!!!!!!!!!!!!!!!!!!!!!!!!!!!
824,824,works here !!!!!!!!!!!!!!!!!!!!!!!!!!!!!!
825,825,works here !!!!!!!!!!!!!!!!!!!!!!!!!!!!!!
826,826,works here !!!!!!!!!!!!!!!!!!!!!!!!!!!!!!
827,827,works here !!!!!!!!!!!!!!!!!!!!!!!!!!!!!!
828,828,works here !!!!!!!!!!!!!!!!!!!!!!!!!!!!!!
829,829,works here !!!!!!!!!!!!!!!!!!!!!!!!!!!!!!
830,830,works here !!!!!!!!!!!!!!!!!!!!!!!!!!!!!!
831,831,works here !!!!!!!!!!!!!!!!!!!!!!!!!!!!!!
832,832,works here !!!!!!!!!!!!!!!!!!!!!!!!!!!!!!
833,833,works here !!!!!!!!!!!!!!!!!!!!!!!!!!!!!!
834,834,works here !!!!!!!!!!!!!!!!!!!!!!!!!!!!!!
835,835,works here !!!!!!!!!!!!!!!!!!!!!!!!!!!!!!
836,836,works here !!!!!!!!!!!!!!!!!!!!!!!!!!!!!!
837,837,works here !!!!!!!!!!!!!!!!!!!!!!!!!!!!!!
838,838,works here !!!!!!!!!!!!!!!!!!!!!!!!!!!!!!
839,839,works here !!!!!!!!!!!!!!!!!!!!!!!!!!!!!!
840,840,works here !!!!!!!!!!!!!!!!!!!!!!!!!!!!!!
841,841,works here !!!!!!!!!!!!!!!!!!!!!!!!!!!!!!
842,842,works here !!!!!!!!!!!!!!!!!!!!!!!!!!!!!!
843,843,works here !!!!!!!!!!!!!!!!!!!!!!!!!!!!!!
844,844,works here !!!!!!!!!!!!!!!!!!!!!!!!!!!!!!
845,845,works here !!!!!!!!!!!!!!!!!!!!!!!!!!!!!!
846,846,works here !!!!!!!!!!!!!!!!!!!!!!!!!!!!!!
847,847,works here !!!!!!!!!!!!!!!!!!!!!!!!!!!!!!
848,848,works here !!!!!!!!!!!!!!!!!!!!!!!!!!!!!!
849,849,works here !!!!!!!!!!!!!!!!!!!!!!!!!!!!!!
850,850,works here !!!!!!!!!!!!!!!!!!!!!!!!!!!!!!
851,851,works here !!!!!!!!!!!!!!!!!!!!!!!!!!!!!!
852,852,works here !!!!!!!!!!!!!!!!!!!!!!!!!!!!!!
853,853,works here !!!!!!!!!!!!!!!!!!!!!!!!!!!!!!
854,854,works here !!!!!!!!!!!!!!!!!!!!!!!!!!!!!!
855,855,works here !!!!!!!!!!!!!!!!!!!!!!!!!!!!!!
856,856,works here !!!!!!!!!!!!!!!!!!!!!!!!!!!!!!
857,857,works here !!!!!!!!!!!!!!!!!!!!!!!!!!!!!!
858,858,works here !!!!!!!!!!!!!!!!!!!!!!!!!!!!!!
859,859,works here !!!!!!!!!!!!!!!!!!!!!!!!!!!!!!
860,860,works here !!!!!!!!!!!!!!!!!!!!!!!!!!!!!!
861,861,works here !!!!!!!!!!!!!!!!!!!!!!!!!!!!!!
862,862,works here !!!!!!!!!!!!!!!!!!!!!!!!!!!!!!
863,863,works here !!!!!!!!!!!!!!!!!!!!!!!!!!!!!!
864,864,works here !!!!!!!!!!!!!!!!!!!!!!!!!!!!!!
865,865,works here !!!!!!!!!!!!!!!!!!!!!!!!!!!!!!
866,866,works here !!!!!!!!!!!!!!!!!!!!!!!!!!!!!!
867,867,works here !!!!!!!!!!!!!!!!!!!!!!!!!!!!!!
868,868,works here !!!!!!!!!!!!!!!!!!!!!!!!!!!!!!ðŸ™‚
869,869,works here !!!!!!!!!!!!!!!!!!!!!!!!!!!!!!ðŸ™‚
870,870,works here !!!!!!!!!!!!!!!!!!!!!!!!!!!!!!ðŸ™‚
871,871,works here !!!!!!!!!!!!!!!!!!!!!!!!!!!!!!ðŸ™‚
872,872,works here !!!!!!!!!!!!!!!!!!!!!!!!!!!!!!ðŸ™‚
873,873,works here !!!!!!!!!!!!!!!!!!!!!!!!!!!!!!ðŸ™‚
874,874,works here !!!!!!!!!!!!!!!!!!!!!!!!!!!!!!ðŸ™‚
875,875,works here !!!!!!!!!!!!!!!!!!!!!!!!!!!!!!ðŸ™‚
876,876,works here !!!!!!!!!!!!!!!!!!!!!!!!!!!!!!ðŸ™‚
877,877,works here !!!!!!!!!!!!!!!!!!!!!!!!!!!!!!ðŸ™‚
878,878,works here !!!!!!!!!!!!!!!!!!!!!!!!!!!!!!ðŸ™‚
879,879,works here !!!!!!!!!!!!!!!!!!!!!!!!!!!!!!ðŸ™‚
880,880,works here !!!!!!!!!!!!!!!!!!!!!!!!!!!!!!ðŸ™‚
881,881,works here !!!!!!!!!!!!!!!!!!!!!!!!!!!!!!ðŸ™‚
882,882,works here !!!!!!!!!!!!!!!!!!!!!!!!!!!!!!ðŸ™‚
883,883,works here !!!!!!!!!!!!!!!!!!!!!!!!!!!!!!ðŸ™‚
884,884,works here !!!!!!!!!!!!!!!!!!!!!!!!!!!!!!ðŸ™‚
885,885,works here !!!!!!!!!!!!!!!!!!!!!!!!!!!!!!ðŸ™‚
886,886,works here !!!!!!!!!!!!!!!!!!!!!!!!!!!!!!ðŸ™‚
887,887,works here !!!!!!!!!!!!!!!!!!!!!!!!!!!!!!ðŸ™‚
888,888,works here !!!!!!!!!!!!!!!!!!!!!!!!!!!!!!ðŸ™‚
889,889,works here !!!!!!!!!!!!!!!!!!!!!!!!!!!!!!ðŸ™‚
890,890,works here !!!!!!!!!!!!!!!!!!!!!!!!!!!!!!ðŸ™‚
891,891,works here !!!!!!!!!!!!!!!!!!!!!!!!!!!!!!ðŸ™‚
892,892,works here !!!!!!!!!!!!!!!!!!!!!!!!!!!!!!ðŸ™‚
893,893,works here !!!!!!!!!!!!!!!!!!!!!!!!!!!!!!ðŸ™‚
894,894,works here !!!!!!!!!!!!!!!!!!!!!!!!!!!!!!ðŸ™‚
895,895,works here !!!!!!!!!!!!!!!!!!!!!!!!!!!!!!ðŸ™‚
896,896,works here !!!!!!!!!!!!!!!!!!!!!!!!!!!!!!ðŸ™‚
897,897,works here !!!!!!!!!!!!!!!!!!!!!!!!!!!!!!ðŸ™‚
898,898,works here !!!!!!!!!!!!!!!!!!!!!!!!!!!!!!ðŸ™‚
899,899,works here !!!!!!!!!!!!!!!!!!!!!!!!!!!!!!ðŸ™‚
900,900,works here !!!!!!!!!!!!!!!!!!!!!!!!!!!!!!ðŸ™‚
901,901,works here !!!!!!!!!!!!!!!!!!!!!!!!!!!!!!ðŸ™‚
902,902,works here !!!!!!!!!!!!!!!!!!!!!!!!!!!!!!ðŸ™‚
903,903,works here !!!!!!!!!!!!!!!!!!!!!!!!!!!!!!ðŸ™‚
904,904,works here !!!!!!!!!!!!!!!!!!!!!!!!!!!!!!ðŸ™‚
905,905,works here !!!!!!!!!!!!!!!!!!!!!!!!!!!!!!ðŸ™‚
906,906,works here !!!!!!!!!!!!!!!!!!!!!!!!!!!!!!ðŸ™‚
907,907,works here !!!!!!!!!!!!!!!!!!!!!!!!!!!!!!ðŸ™‚
908,908,works here !!!!!!!!!!!!!!!!!!!!!!!!!!!!!!ðŸ™‚
909,909,works here !!!!!!!!!!!!!!!!!!!!!!!!!!!!!!ðŸ™‚
910,910,works here !!!!!!!!!!!!!!!!!!!!!!!!!!!!!!ðŸ™‚
911,911,works here !!!!!!!!!!!!!!!!!!!!!!!!!!!!!!ðŸ™‚
912,912,works here !!!!!!!!!!!!!!!!!!!!!!!!!!!!!!ðŸ™‚
913,913,works here !!!!!!!!!!!!!!!!!!!!!!!!!!!!!!ðŸ™‚
914,914,works here !!!!!!!!!!!!!!!!!!!!!!!!!!!!!!ðŸ™‚
915,915,works here !!!!!!!!!!!!!!!!!!!!!!!!!!!!!!ðŸ™‚
916,916,works here !!!!!!!!!!!!!!!!!!!!!!!!!!!!!!ðŸ™‚
917,917,works here !!!!!!!!!!!!!!!!!!!!!!!!!!!!!!ðŸ™‚